Split,Manual_GD_R2,Manual_GD_MeanRSS,Sklearn_SGD_R2,Sklearn_SGD_MeanRSS,OLS_R2,OLS_MeanRSS
10:90,0.7674251107976162,161900832.36242872,0.947455002995257,36577804.167613566,0.9463539781101316,37344253.40022375
20:80,0.8317595720428849,128587544.43275829,0.9518747793363929,36782502.43155164,0.9518041044008629,36836519.86673707
30:70,0.797138459026216,137898307.73016948,0.7628005208865958,161240058.64888507,0.9547596145375964,30752860.134944137
40:60,0.8182192513250693,121353328.50511387,0.7958094942761738,136313650.91932926,0.957051980235088,28671271.23838421
50:50,0.8180058926103603,131117992.09726511,0.8615593530879112,99739820.74538785,0.9597175814952602,29021543.09785019
60:40,0.8463577760853477,94386033.73213732,0.9394906440163173,37172321.31551512,0.9586703754939104,25389760.922331434
70:30,0.8357311245422838,92557715.47652371,0.9384992562161477,34652750.430532046,0.951483199421986,27336914.623774663
80:20,0.5327207240692873,117296823.89793861,0.8010433714224878,49942254.72358501,0.8433355166157543,39326046.03955982
90:10,0.3270974581598677,166014841.22445288,0.6290961665296184,91507368.74130487,0.6928775834903282,75771565.78112148
