Split,w1_Intercept,w2_Slope,R2,Mean-RSS
10:90,20500.164946459525,10255.208964804,0.947455002995257,36577804.167613566
20:80,28943.011889877274,9322.852104734808,0.9518747793363929,36782502.43155164
30:70,2985.667430341524,12532.50190313707,0.7628005208865958,161240058.64888507
40:60,4725.813779318234,12324.957795408644,0.7958094942761738,136313650.91932926
50:50,9519.66602047722,11857.869998887874,0.8615593530879112,99739820.74538785
60:40,18640.245073572034,10470.751558140135,0.9394906440163173,37172321.31551512
70:30,20513.101298861155,10150.537867937684,0.9384992562161477,34652750.430532046
80:20,19639.174545804883,10266.132735379262,0.8010433714224878,49942254.72358501
90:10,19956.631034655493,10220.647706228709,0.6290961665296184,91507368.74130487
